-- MySQL dump 10.13  Distrib 8.0.27, for Win64 (x86_64)
--
-- Host: 127.0.0.1    Database: venta_ecommerce
-- ------------------------------------------------------
-- Server version	8.0.27

/*!40101 SET @OLD_CHARACTER_SET_CLIENT=@@CHARACTER_SET_CLIENT */;
/*!40101 SET @OLD_CHARACTER_SET_RESULTS=@@CHARACTER_SET_RESULTS */;
/*!40101 SET @OLD_COLLATION_CONNECTION=@@COLLATION_CONNECTION */;
/*!50503 SET NAMES utf8 */;
/*!40103 SET @OLD_TIME_ZONE=@@TIME_ZONE */;
/*!40103 SET TIME_ZONE='+00:00' */;
/*!40014 SET @OLD_UNIQUE_CHECKS=@@UNIQUE_CHECKS, UNIQUE_CHECKS=0 */;
/*!40014 SET @OLD_FOREIGN_KEY_CHECKS=@@FOREIGN_KEY_CHECKS, FOREIGN_KEY_CHECKS=0 */;
/*!40101 SET @OLD_SQL_MODE=@@SQL_MODE, SQL_MODE='NO_AUTO_VALUE_ON_ZERO' */;
/*!40111 SET @OLD_SQL_NOTES=@@SQL_NOTES, SQL_NOTES=0 */;

--
-- Dumping data for table `cliente`
--

LOCK TABLES `cliente` WRITE;
/*!40000 ALTER TABLE `cliente` DISABLE KEYS */;
REPLACE INTO `cliente` (`CLIENTE_ID`, `NOMBRE`, `APELLIDO`, `DOCUMENTO_TIPO`, `DOCUMENTO_NUMERO`, `DIRECCION`, `CP`, `PROVINCIA`, `E_MAIL`, `TELEFONO_NUMERO`) VALUES (1,'JUAN MANUEL','MAURIELO ','DNI ',23234567,'BENITO BLANCO 234 POSITOS, CAPITAL','5000','CORDOBA ','JUAN@HOTMAIL.COM',98657894),(2,'FRANCISCO ','AMEIGENDA ','DNI ',24245678,'SAN MARTIN 4565  VILLA ALLENDE ','5105','CORDOBA ','FRAN@GAMIL.COM',42345678),(3,'MARIA INES ','GARCIA ','DNI ',23234566,'TERUEL 456 CORDOBA CAPITAL ','5000','CORDOBA ','MINES@YAHOO.COM',34255667),(4,'ESTEFANIA ','LORCA','DNI ',45456787,'MANUEL ESTRADA 128 NUEVA CORDOBA','5000','CORDOBA ','ESTEFANIA@GMAIL.COM',58909987),(5,'GABRIELA ','BRANDES ','DNI ',25256783,'AVENIDA BRASIL 45 ALTA CORDOBA ','5000','CORDOBA ','GT@GMAIL.COM',28934568),(6,'PEDRO ','GALES ','DNI ',95952345,'SIMON BOLIVAR 345 AYACUCHO ','5000','CORDOBA ','PEDRO@YAHOO.COM',33453456),(7,'EMILIA ','GALINDEZ ','DNI ',56563453,'BELGRANO 45 CENTRO ','5000','CORDOBA ','EMI@GMAIL.COM',54645676),(8,'MANUEL ','GIJENA ','DNI ',34345567,'CALLE 4 MANZANA 6 CASA 3 PARQUE HORIZONTE','5000','CORDOBA ','MANUEL@HOTMAIL.COM',23423405),(9,'CAROLINA ','LOPEZ ','DNI ',23234567,'ITUZAINGO 34 CENTRO ','5000','CORDOBA ','CARO@GMAIL.COM',12342345),(10,'PILAR ','AMEIGENDA ','DNI ',24243563,'MONZON 456 BARRIO SEP ','5000','CORDOBA ','PILU@ADINET.COM.UY',23234567),(11,'Eduardo','Galera','DNI',2345678,'Teruel 782','5105','Cordoba','egalera@adinet.com.uy',345678),(12,'juan','perez','DNI',2345678,'Teruel 782','5105','Cordoba','egalera@adinet.com.uy',345678),(13,'MIGUEL','CABALLERO','DNI',234567,'JUAN B JUSTO 45','5000','CORDOBA','MIGUEL@GMAIL.COM',2222);
/*!40000 ALTER TABLE `cliente` ENABLE KEYS */;
UNLOCK TABLES;

--
-- Dumping data for table `producto`
--

LOCK TABLES `producto` WRITE;
/*!40000 ALTER TABLE `producto` DISABLE KEYS */;
REPLACE INTO `producto` (`PRODUCTO_ID`, `PRODUCTO_PAGO`, `PRECIO`, `NOMBRE`, `CARACTERISTICAS`, `CANTIDAD`) VALUES (1,1,23000,'DEPILADORA X456','DEPILADORA SIN DOLOR CON RAYOS UV',5),(2,1,15000,'JUGUERA MULTIFRUIT ','JUGUERA MULTIFRUTAS CON FILTRADO DE SEMILLAS ',5),(3,1,12345,'CALEFACTOR T45','CALEFACTOR CON VALVULA DE ARRO DE GAS ',5),(4,1,50000,'FREEZER GAMA ','FREEZER DE FRIO SECO CON ELIMINACION DE HIELO ',10),(5,1,6800,'BATIDORA DOS PALAS','BATIDORA MULTI PALAS INTERCAMBIABLES ',10),(6,1,2500,'CUBIERTOS ASADO ','JUEGO DE TRES CUBIERTOS CON AFILADOR PARA CUCHILLOS ',8),(7,1,4600,'TABLA CARNE ','TABLA GRANDE CON RANURA PARA DRENAR JUGOS ',5),(8,1,12678,'TV COLOR LED ','TV LED FULL HD CON SONIDO ESTEREO ',1),(9,0,1000,'TV PROTECTOR PANTALLA','PROTECTOR RAYOS UV PARA FILTRADO RAPIDO ',0),(10,0,500,'TV PROTECTOR VOLTAJE ','PROTECTOR DE VOLTAJE AUTOMATICO',0),(22,1,456,'PARRILLAXXL','PARRILLA XXL PARA 8 PERSONAS',6),(24,1,9999,'CALEFACTOR YX','CALEFACTOR EXTRA AHORRADOR DE GAS',6),(25,1,9999,'CALEFACTOR MULTIAHORRO','CALEFACTOR EXTRA AHORRADOR DE GAS',6);
/*!40000 ALTER TABLE `producto` ENABLE KEYS */;
UNLOCK TABLES;

--
-- Dumping data for table `proveedores`
--

LOCK TABLES `proveedores` WRITE;
/*!40000 ALTER TABLE `proveedores` DISABLE KEYS */;
REPLACE INTO `proveedores` (`PROVEEDORES_ID`, `RAZON_SOCIAL`, `DIRECCION`, `TELEFONO`, `E_MAIL`, `PRODUCTO_ID`) VALUES (1,'ELECTRO HOGAR SA','CIRCUMBALACION KM 8, TUCUMAN ',4562345,'ELECTROHOGAR@GMAIL.COM',1),(2,'TECNO SRL ','KM 8, VILLA MARTEL , BUENOS AIRES ',3456789,'TECNO@TECNOHOGAR.COM.AR',2),(3,'MAYORISTA HOTAR SA','SAN MARTIN 34, CORDOBA CAPITAL',2345678,'MAYORISTA@YAHOO.COM.AR',3),(4,'LOPEZ HNOS SRL ','ONCANTIVO 34, CORDOBA CAPITAL ',4567899,'LOPEZ@LOPEZHNOS.COM.AR',4),(5,'BERTA SA ','RIO GALLEGOS 567, SANTA FE CAPITAL ',9872345,'BERTA@GMAIL.COM',5),(6,'INDSUR SA','BELGRANO 67, SAN ALFONSO, BUENOS AIRES ',4893456,'INDUSUR@INDUSUR.COM.AR',6),(7,'SAN LUIS SRL','KM 98, RUTA 9, PILAR, BUENOS AIRES',5678902,'SL@SANLUIS.COM',7),(8,'ZORNAS SA','CABILDO 679, LA MATANZA, BUENOS AIRES',3987654,'ZORNAS@GMAIL.COM',8),(9,'LA SANTAFESINA SRL','TERUEL 89, VILLA ALLENDE, CORDOBA ',4908897,'SANTAFESINA@HOTMAIL.COM',9),(10,'MASCARDI E HIJOS SRL','LA HUERTA 900, CATAMARCA CAPITAL',4562342,'MASCARDI@GMAIL.COM',10),(11,'TECNO MIGUEL','CIRCUMBALACION KM 448 TUCUMAN',4562345,'ELECTROHOGAR@GMAIL.COM',1);
/*!40000 ALTER TABLE `proveedores` ENABLE KEYS */;
UNLOCK TABLES;
/*!40103 SET TIME_ZONE=@OLD_TIME_ZONE */;

/*!40101 SET SQL_MODE=@OLD_SQL_MODE */;
/*!40014 SET FOREIGN_KEY_CHECKS=@OLD_FOREIGN_KEY_CHECKS */;
/*!40014 SET UNIQUE_CHECKS=@OLD_UNIQUE_CHECKS */;
/*!40101 SET CHARACTER_SET_CLIENT=@OLD_CHARACTER_SET_CLIENT */;
/*!40101 SET CHARACTER_SET_RESULTS=@OLD_CHARACTER_SET_RESULTS */;
/*!40101 SET COLLATION_CONNECTION=@OLD_COLLATION_CONNECTION */;
/*!40111 SET SQL_NOTES=@OLD_SQL_NOTES */;

-- Dump completed on 2022-03-21  9:08:29
